0	user	james	M	24	technician
1	user	patricia	F	53	other
2	user	robert	M	23	writer
3	user	michael	M	24	technician
4	user	elizabeth	F	33	other
5	user	david	M	42	executive
6	user	richard	M	57	administrator
7	user	charles	M	36	administrator
8	user	joseph	M	29	student
9	user	thomas	M	53	lawyer
10	user	lisa	F	39	other
11	user	nancy	F	28	other
12	user	paul	M	47	educator
13	user	mark	M	45	scientist
14	user	helen	F	49	educator
15	user	george	M	21	entertainment
16	user	kenneth	M	30	programmer
17	user	carol	F	35	other
18	user	edward	M	40	librarian
19	user	sharon	F	42	homemaker
20	user	ronald	M	26	writer
21	user	anthony	M	25	writer
22	user	sarah	F	30	artist
23	user	kimberly	F	21	artist
24	user	matthew	M	39	engineer
25	user	gary	M	49	engineer
26	user	shirley	F	40	librarian
27	user	jose	M	32	writer
28	user	larry	M	41	programmer
29	user	jeffrey	M	7	student
30	user	frank	M	24	artist
31	user	amy	F	28	student
32	user	eric	M	23	student
33	user	rebecca	F	38	administrator
34	user	virginia	F	20	homemaker
35	user	kathleen	F	19	student
36	user	gregory	M	23	student
37	user	martha	F	28	other
38	user	jerry	M	41	entertainment
39	user	dennis	M	38	scientist
40	user	walter	M	33	engineer
41	user	patrick	M	30	administrator
42	user	christine	F	29	librarian
43	user	harold	M	26	technician
44	user	douglas	M	29	programmer
45	user	catherine	F	27	marketing
46	user	carl	M	53	marketing
47	user	arthur	M	45	administrator
48	user	joyce	F	23	student
49	user	roger	M	21	writer
50	user	joe	M	28	educator
51	user	julie	F	18	student
52	user	jack	M	26	programmer
53	user	albert	M	22	executive
54	user	jonathan	M	37	programmer
55	user	justin	M	25	librarian
56	user	terry	M	16	none
57	user	gerald	M	27	programmer
58	user	keith	M	49	educator
59	user	samuel	M	50	healthcare
60	user	willie	M	36	engineer
61	user	joan	F	27	administrator
62	user	lawrence	M	31	marketing
63	user	nicholas	M	32	educator
64	user	rose	F	51	educator
65	user	benjamin	M	23	student
66	user	bruce	M	17	student
67	user	brandon	M	19	student
68	user	adam	M	24	engineer
69	user	harry	M	27	engineer
70	user	fred	M	39	scientist
71	user	theresa	F	48	administrator
72	user	billy	M	24	student
73	user	steve	M	39	scientist
74	user	louis	M	24	entertainment
75	user	jeremy	M	20	student
76	user	aaron	M	30	technician
77	user	randy	M	26	administrator
78	user	rachel	F	39	administrator
79	user	marilyn	F	34	administrator
80	user	carlos	M	21	student
81	user	russell	M	50	programmer
82	user	bobby	M	40	other
83	user	victor	M	32	executive
84	user	martin	M	51	educator
85	user	ernest	M	26	administrator
86	user	phillip	M	47	administrator
87	user	bonnie	F	49	librarian
88	user	julia	F	43	administrator
89	user	craig	M	60	educator
90	user	alan	M	55	marketing
91	user	shawn	M	32	entertainment
92	user	clarence	M	48	executive
93	user	sean	M	26	student
94	user	philip	M	31	administrator
95	user	diana	F	25	artist
96	user	johnny	M	43	artist
97	user	lillian	F	49	executive
98	user	jimmy	M	20	student
99	user	antonio	M	36	executive
100	user	danny	M	15	student
101	user	bryan	M	38	programmer
102	user	tony	M	26	student
103	user	luis	M	27	student
104	user	mike	M	24	engineer
105	user	stanley	M	61	retired
106	user	leonard	M	39	scientist
107	user	nathan	M	44	educator
108	user	dale	M	29	other
109	user	manuel	M	19	student
110	user	rodney	M	57	engineer
111	user	curtis	M	30	salesman
112	user	norman	M	47	executive
113	user	allen	M	27	programmer
114	user	marvin	M	31	engineer
115	user	vincent	M	40	healthcare
116	user	glenn	M	20	student
117	user	jeffery	M	21	administrator
118	user	travis	M	32	programmer
119	user	sylvia	F	47	other
120	user	chad	M	54	librarian
121	user	thelma	F	32	writer
122	user	shannon	F	48	artist
123	user	melvin	M	34	student
124	user	alfred	M	30	lawyer
125	user	ellen	F	28	lawyer
126	user	francis	M	33	none
127	user	marjorie	F	24	marketing
128	user	carrie	F	36	marketing
129	user	herbert	M	20	none
130	user	monica	F	59	administrator
131	user	ray	M	24	other
132	user	joel	M	53	engineer
133	user	edwin	M	31	programmer
134	user	don	M	23	student
135	user	eddie	M	51	other
136	user	ricky	M	50	educator
137	user	troy	M	46	doctor
138	user	randall	M	20	student
139	user	eva	F	30	student
140	user	alexander	M	49	programmer
141	user	bernard	M	13	other
142	user	mario	M	42	technician
143	user	leroy	M	53	programmer
144	user	francisco	M	31	entertainment
145	user	marcus	M	45	artist
146	user	joanne	F	40	librarian
147	user	theodore	M	33	engineer
148	user	valerie	F	35	marketing
149	user	danielle	F	20	artist
150	user	megan	F	38	administrator
151	user	alicia	F	33	educator
152	user	jim	M	25	student
153	user	tom	M	25	student
154	user	gail	F	32	other
155	user	alex	M	25	educator
156	user	jon	M	57	engineer
157	user	ronnie	M	50	educator
158	user	jill	F	23	student
159	user	lloyd	M	27	programmer
160	user	tommy	M	50	lawyer
161	user	leon	M	25	artist
162	user	derek	M	49	administrator
163	user	warren	M	47	healthcare
164	user	lorraine	F	20	other
165	user	jerome	M	47	educator
166	user	floyd	M	37	other
167	user	leo	M	48	other
168	user	erica	F	52	other
169	user	beatrice	F	53	healthcare
170	user	dolores	F	48	educator
171	user	gordon	M	55	marketing
172	user	dean	M	56	other
173	user	yvonne	F	30	administrator
174	user	annette	F	26	scientist
175	user	dustin	M	28	scientist
176	user	pedro	M	20	programmer
177	user	derrick	M	26	other
178	user	dan	M	15	entertainment
179	user	stacy	F	22	administrator
180	user	zachary	M	26	executive
181	user	corey	M	36	programmer
182	user	herman	M	33	scientist
183	user	maurice	M	37	librarian
184	user	roberta	F	53	librarian
185	user	holly	F	39	executive
186	user	clyde	M	26	educator
187	user	glen	M	42	student
188	user	hector	M	32	artist
189	user	shane	M	30	administrator
190	user	ricardo	M	33	administrator
191	user	sam	M	42	educator
192	user	rick	M	29	student
193	user	lester	M	38	administrator
194	user	brent	M	42	scientist
195	user	ramon	M	49	writer
196	user	charlie	M	55	technician
197	user	elsie	F	21	student
198	user	gilbert	M	30	writer
199	user	gene	M	40	programmer
200	user	marc	M	27	writer
201	user	carla	F	41	educator
202	user	tara	F	25	student
203	user	rosemary	F	52	librarian
204	user	angel	M	47	lawyer
205	user	terri	F	14	student
206	user	rafael	M	39	marketing
207	user	leslie	M	43	engineer
208	user	tonya	F	33	educator
209	user	milton	M	39	engineer
210	user	raul	M	66	salesman
211	user	wilma	F	49	educator
212	user	chester	M	33	executive
213	user	kristin	F	26	librarian
214	user	duane	M	35	programmer
215	user	franklin	M	22	engineer
216	user	andre	M	22	other
217	user	elmer	M	37	administrator
218	user	brad	M	32	programmer
219	user	gabriel	M	30	librarian
220	user	ron	M	19	student
221	user	mitchell	M	29	programmer
222	user	melinda	F	19	student
223	user	pearl	F	31	educator
224	user	arlene	F	51	administrator
225	user	jared	M	28	student
226	user	adrian	M	46	executive
227	user	allison	F	21	student
228	user	tamara	F	29	librarian
229	user	joy	F	28	student
230	user	erik	M	48	librarian
231	user	darryl	M	45	scientist
232	user	jamie	M	38	engineer
233	user	neil	M	60	retired
234	user	jessie	M	37	educator
235	user	marcia	F	44	writer
236	user	javier	M	49	administrator
237	user	nellie	F	42	administrator
238	user	clinton	M	39	artist
239	user	marlene	F	23	educator
240	user	heidi	F	26	student
241	user	tyrone	M	33	educator
242	user	darren	M	33	educator
243	user	lonnie	M	28	technician
244	user	lance	M	22	student
245	user	cody	M	19	student
246	user	julio	M	28	engineer
247	user	kelly	M	25	student
248	user	kurt	M	25	student
249	user	allan	M	29	executive
250	user	nelson	M	28	doctor
251	user	guy	M	42	engineer
252	user	terry	F	26	librarian
253	user	hugh	M	44	educator
254	user	max	M	23	entertainment
255	user	mabel	F	35	none
256	user	dwight	M	17	student
257	user	myrtle	F	19	student
258	user	felix	M	21	student
259	user	christy	F	40	artist
260	user	everett	M	28	administrator
261	user	patsy	F	19	student
262	user	ian	M	41	programmer
263	user	gwendolyn	F	36	writer
264	user	ken	M	26	executive
265	user	nora	F	62	administrator
266	user	jaime	M	23	engineer
267	user	casey	M	24	engineer
268	user	cassandra	F	31	librarian
269	user	leah	F	18	student
270	user	dave	M	51	engineer
271	user	ivan	M	33	scientist
272	user	priscilla	F	50	other
273	user	naomi	F	20	student
274	user	byron	M	38	engineer
275	user	julian	M	21	student
276	user	olga	F	35	administrator
277	user	billie	F	37	librarian
278	user	clifton	M	33	programmer
279	user	tracey	F	30	librarian
280	user	leona	F	15	student
281	user	ross	M	22	administrator
282	user	virgil	M	28	programmer
283	user	andy	M	40	executive
284	user	marshall	M	25	programmer
285	user	salvador	M	27	student
286	user	perry	M	21	salesman
287	user	kirk	M	34	marketing
288	user	sergio	M	11	none
289	user	marion	M	40	engineer
290	user	tracy	M	19	student
291	user	misty	F	35	programmer
292	user	kent	M	24	writer
293	user	terrance	M	34	technician
294	user	rene	M	31	educator
295	user	ramona	F	43	administrator
296	user	sherri	F	29	educator
297	user	enrique	M	44	executive
298	user	freddie	M	29	doctor
299	user	claire	F	26	programmer
300	user	austin	M	24	student
301	user	stuart	M	42	educator
302	user	fredrick	M	19	student
303	user	guadalupe	F	22	student
304	user	alejandro	M	23	programmer
305	user	jackie	M	45	other
306	user	joey	M	25	student
307	user	nick	M	60	retired
308	user	luther	M	40	scientist
309	user	wendell	M	37	educator
310	user	jeremiah	M	32	technician
311	user	evan	M	48	other
312	user	julius	M	41	marketing
313	user	marguerite	F	20	student
314	user	donnie	M	31	educator
315	user	harriet	F	43	other
316	user	shannon	M	22	administrator
317	user	trevor	M	65	retired
318	user	oliver	M	38	programmer
319	user	luke	M	19	student
320	user	blanche	F	49	educator
321	user	gerard	M	20	student
322	user	doug	M	21	student
323	user	joanna	F	21	student
324	user	hubert	M	48	technician
325	user	angelo	M	41	administrator
326	user	shaun	M	22	student
327	user	lyle	M	51	administrator
328	user	matt	M	48	educator
329	user	madeline	F	35	educator
330	user	alfonso	M	33	entertainment
331	user	orlando	M	20	student
332	user	rex	M	47	other
333	user	carlton	M	32	librarian
334	user	ernesto	M	45	executive
335	user	cameron	M	23	salesman
336	user	neal	M	37	scientist
337	user	kayla	F	39	librarian
338	user	lorenzo	M	35	lawyer
339	user	omar	M	46	engineer
340	user	lee	F	17	student
341	user	kristine	F	25	other
342	user	grant	M	43	engineer
343	user	fannie	F	30	librarian
344	user	maryann	F	28	librarian
345	user	kerry	M	34	other
346	user	abraham	M	18	student
347	user	yvette	F	24	student
348	user	rickey	M	68	retired
349	user	jean	M	32	student
350	user	ira	M	61	educator
351	user	olivia	F	37	programmer
352	user	cesar	M	25	scientist
353	user	shelley	F	29	librarian
354	user	malcolm	M	25	student
355	user	mamie	F	32	homemaker
356	user	damon	M	26	executive
357	user	kelvin	M	40	educator
358	user	rudy	M	22	student
359	user	preston	M	51	other
360	user	alton	M	22	student
361	user	candice	F	35	homemaker
362	user	marco	M	20	student
363	user	wm	M	63	engineer
364	user	pete	M	29	lawyer
365	user	kelli	F	20	student
366	user	garry	M	17	student
367	user	geoffrey	M	18	student
368	user	jonathon	M	24	student
369	user	felipe	M	52	writer
370	user	bennie	M	36	engineer
371	user	latoya	F	25	student
372	user	patty	F	24	other
373	user	dominic	M	36	executive
374	user	robin	M	17	entertainment
375	user	della	F	28	other
376	user	delbert	M	22	student
377	user	colin	M	35	student
378	user	guillermo	M	44	programmer
379	user	earnest	M	32	engineer
380	user	lucas	M	33	artist
381	user	benny	M	45	engineer
382	user	noel	M	42	administrator
383	user	spencer	M	52	programmer
384	user	rodolfo	M	36	writer
385	user	myron	M	36	salesman
386	user	edmund	M	33	entertainment
387	user	garrett	M	31	other
388	user	roxanne	F	44	writer
389	user	angelica	F	42	writer
390	user	lowell	M	23	student
391	user	gregg	M	52	writer
392	user	sherman	M	19	student
393	user	wilson	M	25	administrator
394	user	devin	M	43	other
395	user	sylvester	M	57	engineer
396	user	kim	M	17	student
397	user	roosevelt	M	40	other
398	user	israel	M	25	other
399	user	bernadette	F	33	administrator
400	user	traci	F	46	healthcare
401	user	wilbert	M	30	engineer
402	user	leland	M	37	other
403	user	jasmine	F	29	programmer
404	user	nichole	F	22	healthcare
405	user	clark	M	52	educator
406	user	irving	M	29	engineer
407	user	carroll	M	23	student
408	user	bryant	M	48	administrator
409	user	muriel	F	30	artist
410	user	rufus	M	34	educator
411	user	woodrow	M	25	educator
412	user	sammy	M	55	educator
413	user	kristopher	M	24	programmer
414	user	mack	M	39	educator
415	user	kari	F	20	student
416	user	estelle	F	27	other
417	user	dianna	F	55	none
418	user	jake	M	37	lawyer
419	user	lionel	M	53	educator
420	user	mona	F	38	programmer
421	user	taylor	M	26	entertainment
422	user	ellis	M	64	other
423	user	angel	F	36	marketing
424	user	gilberto	M	19	student
425	user	clint	M	55	educator
426	user	nicolas	M	51	doctor
427	user	laurence	M	28	student
428	user	ismael	M	27	student
429	user	orville	M	38	scientist
430	user	drew	M	24	marketing
431	user	jody	M	22	entertainment
432	user	ervin	M	27	artist
433	user	meredith	F	16	student
434	user	al	M	24	engineer
435	user	teri	F	30	administrator
436	user	cristina	F	27	other
437	user	eula	F	51	administrator
438	user	leigh	F	23	administrator
439	user	caleb	M	30	other
440	user	tomas	M	50	technician
441	user	sheldon	M	22	student
442	user	erick	M	35	salesman
443	user	gretchen	F	51	lawyer
444	user	stewart	M	21	writer
445	user	doyle	M	57	educator
446	user	darrel	M	30	administrator
447	user	rogelio	M	23	entertainment
448	user	terence	M	23	librarian
449	user	kelley	F	35	educator
450	user	alonzo	M	16	student
451	user	elias	M	35	administrator
452	user	bert	M	18	student
453	user	elbert	M	57	other
454	user	ramiro	M	48	administrator
455	user	conrad	M	24	technician
456	user	alexis	F	33	salesman
457	user	noah	M	47	technician
458	user	grady	M	22	student
459	user	elvira	F	44	other
460	user	cornelius	M	15	student
461	user	delia	F	19	student
462	user	sophie	F	48	healthcare
463	user	clay	M	60	writer
464	user	percy	M	32	other
465	user	dexter	M	22	student
466	user	bradford	M	29	engineer
467	user	merle	M	28	engineer
468	user	darin	M	60	educator
469	user	amos	M	24	programmer
470	user	terrell	M	10	student
471	user	moses	M	24	student
472	user	irvin	M	29	student
473	user	saul	M	51	executive
474	user	roman	M	30	programmer
475	user	darnell	M	28	student
476	user	elsa	F	23	student
477	user	tommie	M	29	other
478	user	timmy	M	30	educator
479	user	darrin	M	57	retired
480	user	winston	M	73	retired
481	user	lucia	F	18	student
482	user	toby	M	29	scientist
483	user	van	M	27	student
484	user	lela	F	44	educator
485	user	dominick	M	39	educator
486	user	boyd	M	22	engineer
487	user	courtney	M	48	technician
488	user	jan	M	55	other
489	user	shawna	F	29	artist
490	user	elisa	F	43	writer
491	user	cary	M	57	educator
492	user	domingo	M	22	engineer
493	user	ora	F	38	administrator
494	user	aubrey	M	29	engineer
495	user	tabitha	F	21	student
496	user	marlon	M	20	student
497	user	emanuel	M	26	writer
498	user	jerald	M	42	programmer
499	user	edmond	M	28	administrator
500	user	emil	M	22	student
501	user	dewayne	M	22	student
502	user	aimee	F	50	writer
503	user	rena	F	40	writer
504	user	myrna	F	27	other
505	user	reynaldo	M	46	programmer
506	user	tammie	F	18	writer
507	user	morgan	M	27	marketing
508	user	jess	M	23	administrator
509	user	trent	M	34	other
510	user	humberto	M	22	student
511	user	emmanuel	M	29	other
512	user	stephan	M	43	administrator
513	user	louie	M	27	programmer
514	user	vicente	M	53	marketing
515	user	stacie	F	53	librarian
516	user	stacy	M	24	student
517	user	cheri	F	49	writer
518	user	miles	M	22	other
519	user	micah	M	62	healthcare
520	user	efrain	M	19	student
521	user	billie	M	36	engineer
522	user	cara	F	50	administrator
523	user	heath	M	56	educator
524	user	rebekah	F	27	administrator
525	user	harley	M	30	marketing
526	user	demetrius	M	33	librarian
527	user	ethan	M	18	student
528	user	effie	F	47	administrator
529	user	rocky	M	29	engineer
530	user	reba	F	30	salesman
531	user	junior	M	20	student
532	user	freddy	M	43	librarian
533	user	eli	M	20	student
534	user	lenora	F	45	educator
535	user	antoine	M	38	engineer
536	user	robbie	M	36	engineer
537	user	kendall	M	31	scientist
538	user	trisha	F	53	administrator
539	user	sterling	M	28	engineer
540	user	estella	F	19	student
541	user	chase	M	21	student
542	user	grover	M	33	scientist
543	user	tracie	F	44	other
544	user	cleveland	M	27	technician
545	user	dylan	M	36	executive
546	user	chuck	M	50	educator
547	user	damian	M	51	writer
548	user	reuben	M	42	scientist
549	user	laurel	F	16	student
550	user	august	M	25	programmer
551	user	leonardo	M	45	other
552	user	jasper	M	58	educator
553	user	russel	M	32	scientist
554	user	kelsey	F	29	educator
555	user	ina	F	35	educator
556	user	bettie	F	30	writer
557	user	elisabeth	F	56	writer
558	user	blaine	M	69	executive
559	user	ernie	M	32	student
560	user	curt	M	23	engineer
561	user	iva	F	54	administrator
562	user	eugenia	F	39	librarian
563	user	murray	M	65	retired
564	user	jamal	M	40	student
565	user	devon	M	20	student
566	user	adolfo	M	24	entertainment
567	user	harrison	M	39	educator
568	user	tyson	M	34	educator
569	user	burton	M	26	educator
570	user	brady	M	34	artist
571	user	elliott	M	51	educator
572	user	wilfredo	M	68	retired
573	user	bart	M	56	educator
574	user	jarrod	M	33	marketing
575	user	vance	M	48	executive
576	user	consuelo	F	36	student
577	user	damien	M	31	administrator
578	user	joaquin	M	32	educator
579	user	harlan	M	16	student
580	user	desmond	M	37	other
581	user	elliot	M	17	student
582	user	darwin	M	44	engineer
583	user	ashley	M	25	student
584	user	gregorio	M	69	librarian
585	user	buddy	M	20	student
586	user	xavier	M	26	other
587	user	nell	F	18	student
588	user	roscoe	M	21	lawyer
589	user	esteban	M	50	educator
590	user	patrica	F	57	librarian
591	user	solomon	M	18	student
592	user	shanna	F	31	educator
593	user	norbert	M	46	educator
594	user	elvin	M	25	programmer
595	user	williams	M	20	artist
596	user	nolan	M	23	other
597	user	rosario	F	40	marketing
598	user	ola	F	22	student
599	user	quinton	M	34	programmer
600	user	mollie	F	19	artist
601	user	lupe	F	47	other
602	user	rob	M	21	programmer
603	user	elwood	M	39	educator
604	user	kendrick	M	33	engineer
605	user	darius	M	28	programmer
606	user	bette	F	49	healthcare
607	user	son	M	22	other
608	user	elise	F	13	student
609	user	fidel	M	22	student
610	user	thaddeus	M	46	librarian
611	user	cliff	M	36	educator
612	user	jocelyn	F	37	marketing
613	user	ali	M	54	educator
614	user	jackson	M	38	educator
615	user	raphael	M	55	scientist
616	user	leola	F	27	writer
617	user	daphne	F	15	student
618	user	alvaro	M	17	student
619	user	ester	F	18	writer
620	user	dane	M	17	student
621	user	joesph	M	25	programmer
622	user	imogene	F	50	educator
623	user	ned	M	19	student
624	user	sammie	M	27	programmer
625	user	rusty	M	23	scientist
626	user	michel	M	24	engineer
627	user	monty	M	13	none
628	user	keri	F	46	other
629	user	ursula	F	26	healthcare
630	user	lizzie	F	18	student
631	user	mason	M	18	student
632	user	graham	M	35	programmer
633	user	kris	M	39	engineer
634	user	isaiah	M	22	other
635	user	vaughn	M	47	educator
636	user	gus	M	30	other
637	user	avery	M	45	engineer
638	user	sondra	F	42	librarian
639	user	diego	M	20	student
640	user	alexis	M	24	student
641	user	rosalind	F	18	student
642	user	norris	M	39	scientist
643	user	millard	M	51	retired
644	user	rocco	M	27	programmer
645	user	marisol	F	17	student
646	user	derick	M	40	educator
647	user	rodrigo	M	43	engineer
648	user	gerry	M	20	student
649	user	stacey	M	42	engineer
650	user	carmen	M	65	retired
651	user	wiley	M	35	other
652	user	rigoberto	M	31	executive
653	user	shauna	F	27	student
654	user	millie	F	50	healthcare
655	user	shelby	M	48	educator
656	user	cathleen	F	26	none
657	user	noe	M	33	programmer
658	user	vern	M	31	educator
659	user	bobbie	M	26	student
660	user	reed	M	28	programmer
661	user	jefferson	M	55	librarian
662	user	elvis	M	26	other
663	user	bernardo	M	30	engineer
664	user	mauricio	M	25	administrator
665	user	hiram	M	44	administrator
666	user	donovan	M	35	librarian
667	user	justine	F	29	writer
668	user	riley	M	37	other
669	user	ollie	M	30	technician
670	user	nickolas	M	21	programmer
671	user	dominique	F	54	administrator
672	user	scot	M	51	educator
673	user	rene	F	13	student
674	user	quincy	M	34	other
675	user	eddy	M	30	programmer
676	user	sebastian	M	20	other
677	user	federico	M	50	educator
678	user	bobbi	F	20	student
679	user	heriberto	M	33	lawyer
680	user	lucile	F	44	marketing
681	user	cole	M	23	programmer
682	user	denny	M	42	librarian
683	user	davis	M	28	student
684	user	aileen	F	32	librarian
685	user	emery	M	32	educator
686	user	ladonna	F	31	healthcare
687	user	willa	F	37	administrator
688	user	jayson	M	25	other
689	user	dion	M	35	salesman
690	user	dante	M	34	educator
691	user	clement	M	34	engineer
692	user	sybil	F	43	healthcare
693	user	odell	M	60	programmer
694	user	maxwell	M	26	writer
695	user	jarvis	M	55	other
696	user	bruno	M	25	other
697	user	dee	F	28	programmer
698	user	mary	M	44	other
699	user	dudley	M	17	student
700	user	luisa	F	51	librarian
701	user	sanford	M	37	other
702	user	colby	M	26	educator
703	user	ofelia	F	51	librarian
704	user	meagan	F	21	student
705	user	nestor	M	23	student
706	user	matilda	F	56	librarian
707	user	leila	F	26	homemaker
708	user	donny	M	21	other
709	user	art	M	19	student
710	user	simone	F	22	student
711	user	bettye	F	22	student
712	user	randi	F	42	other
713	user	galen	M	26	engineer
714	user	isidro	M	21	technician
715	user	barbra	F	36	administrator
716	user	delmar	M	24	technician
717	user	johnathon	M	42	technician
718	user	leann	F	37	other
719	user	bridgette	F	49	administrator
720	user	rhoda	F	24	entertainment
721	user	haley	F	50	homemaker
722	user	irwin	M	26	executive
723	user	cruz	M	31	executive
724	user	merlin	M	21	student
725	user	flossie	F	25	administrator
726	user	charley	M	25	student
727	user	marcelino	M	58	executive
728	user	lane	M	19	student
729	user	nelda	F	31	scientist
730	user	minerva	F	41	educator
731	user	lilly	F	28	other
732	user	terrie	F	44	other
733	user	letha	F	25	other
734	user	hilary	F	29	healthcare
735	user	estela	F	48	writer
736	user	winfred	M	30	programmer
737	user	vito	M	35	technician
738	user	collin	M	35	technician
739	user	earline	F	25	educator
740	user	carter	M	25	writer
741	user	leonel	M	35	student
742	user	emory	M	31	programmer
743	user	pasquale	M	35	marketing
744	user	mohammad	M	42	writer
745	user	mariano	M	25	engineer
746	user	danial	M	19	other
747	user	blair	M	28	administrator
748	user	landon	M	33	other
749	user	dirk	M	28	administrator
750	user	rae	F	24	other
751	user	adan	M	60	retired
752	user	numbers	M	56	salesman
753	user	jami	F	59	librarian
754	user	elnora	F	44	educator
755	user	chandra	F	30	none
756	user	bernie	M	26	student
757	user	wilmer	M	27	student
758	user	marylou	F	20	student
759	user	melisa	F	35	other
760	user	zachery	M	17	student
761	user	fletcher	M	32	administrator
762	user	jacques	M	27	scientist
763	user	allie	F	27	educator
764	user	dalton	M	31	student
765	user	monroe	M	42	other
766	user	josue	M	70	engineer
767	user	dominique	M	29	administrator
768	user	edwardo	M	39	executive
769	user	booker	M	28	student
770	user	wilford	M	26	student
771	user	sonny	M	50	writer
772	user	shelton	M	20	student
773	user	carson	M	30	student
774	user	theron	M	46	executive
775	user	raymundo	M	30	librarian
776	user	daren	M	63	programmer
777	user	tristan	M	34	student
778	user	houston	M	31	student
779	user	robby	M	49	programmer
780	user	lincoln	M	20	student
781	user	pearlie	F	21	artist
782	user	genaro	M	30	marketing
783	user	gale	M	47	administrator
784	user	bennett	M	32	engineer
785	user	tameka	F	36	engineer
786	user	saundra	F	18	student
787	user	laverne	M	51	administrator
788	user	hung	M	29	other
789	user	arron	M	27	technician
790	user	antony	M	31	educator
791	user	herschel	M	40	programmer
792	user	alva	M	22	student
793	user	giovanni	M	32	educator
794	user	garth	M	30	programmer
795	user	clare	F	32	writer
796	user	alejandra	F	44	other
797	user	elinor	F	40	writer
798	user	michael	F	49	administrator
799	user	lon	M	25	programmer
800	user	freeman	M	22	writer
801	user	erin	M	35	administrator
802	user	duncan	M	70	administrator
803	user	kennith	M	39	educator
804	user	taylor	F	27	other
805	user	augustine	M	27	marketing
806	user	marcie	F	41	healthcare
807	user	erich	M	45	salesman
808	user	annabelle	F	50	marketing
809	user	louisa	F	55	other
810	user	earlene	F	40	educator
811	user	reid	M	22	technician
812	user	carlene	F	14	student
813	user	anderson	M	30	other
814	user	morton	M	32	other
815	user	jonas	M	34	other
816	user	forest	M	19	student
817	user	mitchel	M	28	librarian
818	user	mervin	M	59	administrator
819	user	zane	M	22	student
820	user	rich	M	37	engineer
821	user	maricela	F	29	librarian
822	user	lazaro	M	27	artist
823	user	alphonse	M	31	other
824	user	randell	M	44	engineer
825	user	major	M	28	artist
826	user	roslyn	F	23	engineer
827	user	jarrett	M	28	librarian
828	user	brooks	M	48	writer
829	user	ariel	M	46	programmer
830	user	abdul	M	21	other
831	user	dusty	M	24	technician
832	user	luciano	M	34	writer
833	user	lindsey	M	26	other
834	user	suzette	F	44	executive
835	user	seymour	M	44	artist
836	user	kaye	F	36	artist
837	user	eugenio	M	23	student
838	user	merle	F	38	entertainment
839	user	sandy	M	39	artist
840	user	valentin	M	45	doctor
841	user	chance	M	40	writer
842	user	arnulfo	M	35	librarian
843	user	lucien	M	22	engineer
844	user	ferdinand	M	64	doctor
845	user	thad	M	27	lawyer
846	user	ezra	M	29	student
847	user	sydney	M	46	engineer
848	user	evangeline	F	15	student
849	user	rubin	M	34	technician
850	user	royal	M	18	other
851	user	mitch	M	46	administrator
852	user	earle	M	49	writer
853	user	nadia	F	29	student
854	user	wyatt	M	53	librarian
855	user	kathie	F	43	marketing
856	user	eddie	F	35	administrator
857	user	kareem	M	63	educator
858	user	valeria	F	18	other
859	user	nona	F	70	retired
860	user	mitzi	F	38	student
861	user	emile	M	25	executive
862	user	elmo	M	17	student
863	user	aron	M	27	programmer
864	user	leopoldo	M	25	artist
865	user	everette	M	45	other
866	user	josef	M	24	scientist
867	user	gail	M	21	programmer
868	user	eloy	M	30	student
869	user	dorian	M	22	student
870	user	rodrick	M	31	executive
871	user	chasity	F	19	student
872	user	sheree	F	48	administrator
873	user	jerrod	M	36	scientist
874	user	james	F	24	student
875	user	hershel	M	41	other
876	user	barton	M	30	other
877	user	deirdre	F	50	educator
878	user	gena	F	33	administrator
879	user	lavern	M	13	student
880	user	burt	M	39	marketing
881	user	jules	M	35	engineer
882	user	gil	M	49	librarian
883	user	eliseo	M	44	engineer
884	user	tessa	F	30	other
885	user	nigel	M	20	student
886	user	marva	F	14	student
887	user	antwan	M	41	scientist
888	user	alden	M	24	technician
889	user	margarito	M	32	student
890	user	leonor	F	51	administrator
891	user	refugio	M	36	other
892	user	dino	M	25	student
893	user	osvaldo	M	47	educator
894	user	janna	F	31	librarian
895	user	deandre	M	28	writer
896	user	normand	M	30	other
897	user	kieth	M	23	homemaker
898	user	ivory	M	32	other
899	user	andrea	M	60	retired
900	user	trey	M	38	executive
901	user	young	F	45	artist
902	user	napoleon	M	28	educator
903	user	lessie	F	17	student
904	user	fritz	M	27	other
905	user	rosendo	M	45	librarian
906	user	anastasia	F	25	other
907	user	vilma	F	44	librarian
908	user	natalia	F	50	educator
909	user	christoper	M	28	healthcare
910	user	lynnette	F	37	writer
911	user	lyman	M	51	other
912	user	josiah	M	27	student
913	user	leanna	F	44	other
914	user	wilton	M	50	entertainment
915	user	rico	M	27	engineer
916	user	coleen	F	22	student
917	user	dewitt	M	40	scientist
918	user	carol	M	25	other
919	user	wilda	F	30	artist
920	user	karyn	F	20	student
921	user	cherry	F	29	administrator
922	user	foster	M	21	student
923	user	faustino	M	29	other
924	user	mai	F	18	salesman
925	user	judson	M	49	entertainment
926	user	gino	M	23	programmer
927	user	edgardo	M	21	student
928	user	berry	M	44	scientist
929	user	enid	F	28	scientist
930	user	tanner	M	60	educator
931	user	jarred	M	58	educator
932	user	donn	M	28	student
933	user	trinidad	M	61	engineer
934	user	tad	M	42	doctor
935	user	shirley	M	24	other
936	user	prince	M	48	educator
937	user	hester	F	38	technician
938	user	cathryn	F	26	student
939	user	maria	M	32	administrator
940	user	lenard	M	20	student
941	user	bridgett	F	48	librarian
942	user	chang	M	22	student
