node_id	name	gender	age	job
0	james	M	24	technician
1	patricia	F	53	other
2	robert	M	23	writer
3	michael	M	24	technician
4	elizabeth	F	33	other
5	david	M	42	executive
6	richard	M	57	administrator
7	charles	M	36	administrator
8	joseph	M	29	student
9	thomas	M	53	lawyer
10	lisa	F	39	other
11	nancy	F	28	other
12	paul	M	47	educator
13	mark	M	45	scientist
14	helen	F	49	educator
15	george	M	21	entertainment
16	kenneth	M	30	programmer
17	carol	F	35	other
18	edward	M	40	librarian
19	sharon	F	42	homemaker
20	ronald	M	26	writer
21	anthony	M	25	writer
22	sarah	F	30	artist
23	kimberly	F	21	artist
24	matthew	M	39	engineer
25	gary	M	49	engineer
26	shirley	F	40	librarian
27	jose	M	32	writer
28	larry	M	41	programmer
29	jeffrey	M	7	student
30	frank	M	24	artist
31	amy	F	28	student
32	eric	M	23	student
33	rebecca	F	38	administrator
34	virginia	F	20	homemaker
35	kathleen	F	19	student
36	gregory	M	23	student
37	martha	F	28	other
38	jerry	M	41	entertainment
39	dennis	M	38	scientist
40	walter	M	33	engineer
41	patrick	M	30	administrator
42	christine	F	29	librarian
43	harold	M	26	technician
44	douglas	M	29	programmer
45	catherine	F	27	marketing
46	carl	M	53	marketing
47	arthur	M	45	administrator
48	joyce	F	23	student
49	roger	M	21	writer
50	joe	M	28	educator
51	julie	F	18	student
52	jack	M	26	programmer
53	albert	M	22	executive
54	jonathan	M	37	programmer
55	justin	M	25	librarian
56	terry	M	16	none
57	gerald	M	27	programmer
58	keith	M	49	educator
59	samuel	M	50	healthcare
60	willie	M	36	engineer
61	joan	F	27	administrator
62	lawrence	M	31	marketing
63	nicholas	M	32	educator
64	rose	F	51	educator
65	benjamin	M	23	student
66	bruce	M	17	student
67	brandon	M	19	student
68	adam	M	24	engineer
69	harry	M	27	engineer
70	fred	M	39	scientist
71	theresa	F	48	administrator
72	billy	M	24	student
73	steve	M	39	scientist
74	louis	M	24	entertainment
75	jeremy	M	20	student
76	aaron	M	30	technician
77	randy	M	26	administrator
78	rachel	F	39	administrator
79	marilyn	F	34	administrator
80	carlos	M	21	student
81	russell	M	50	programmer
82	bobby	M	40	other
83	victor	M	32	executive
84	martin	M	51	educator
85	ernest	M	26	administrator
86	phillip	M	47	administrator
87	bonnie	F	49	librarian
88	julia	F	43	administrator
89	craig	M	60	educator
90	alan	M	55	marketing
91	shawn	M	32	entertainment
92	clarence	M	48	executive
93	sean	M	26	student
94	philip	M	31	administrator
95	diana	F	25	artist
96	johnny	M	43	artist
97	lillian	F	49	executive
98	jimmy	M	20	student
99	antonio	M	36	executive
100	danny	M	15	student
101	bryan	M	38	programmer
102	tony	M	26	student
103	luis	M	27	student
104	mike	M	24	engineer
105	stanley	M	61	retired
106	leonard	M	39	scientist
107	nathan	M	44	educator
108	dale	M	29	other
109	manuel	M	19	student
110	rodney	M	57	engineer
111	curtis	M	30	salesman
112	norman	M	47	executive
113	allen	M	27	programmer
114	marvin	M	31	engineer
115	vincent	M	40	healthcare
116	glenn	M	20	student
117	jeffery	M	21	administrator
118	travis	M	32	programmer
119	sylvia	F	47	other
120	chad	M	54	librarian
121	thelma	F	32	writer
122	shannon	F	48	artist
123	melvin	M	34	student
124	alfred	M	30	lawyer
125	ellen	F	28	lawyer
126	francis	M	33	none
127	marjorie	F	24	marketing
128	carrie	F	36	marketing
129	herbert	M	20	none
130	monica	F	59	administrator
131	ray	M	24	other
132	joel	M	53	engineer
133	edwin	M	31	programmer
134	don	M	23	student
135	eddie	M	51	other
136	ricky	M	50	educator
137	troy	M	46	doctor
138	randall	M	20	student
139	eva	F	30	student
140	alexander	M	49	programmer
141	bernard	M	13	other
142	mario	M	42	technician
143	leroy	M	53	programmer
144	francisco	M	31	entertainment
145	marcus	M	45	artist
146	joanne	F	40	librarian
147	theodore	M	33	engineer
148	valerie	F	35	marketing
149	danielle	F	20	artist
150	megan	F	38	administrator
151	alicia	F	33	educator
152	jim	M	25	student
153	tom	M	25	student
154	gail	F	32	other
155	alex	M	25	educator
156	jon	M	57	engineer
157	ronnie	M	50	educator
158	jill	F	23	student
159	lloyd	M	27	programmer
160	tommy	M	50	lawyer
161	leon	M	25	artist
162	derek	M	49	administrator
163	warren	M	47	healthcare
164	lorraine	F	20	other
165	jerome	M	47	educator
166	floyd	M	37	other
167	leo	M	48	other
168	erica	F	52	other
169	beatrice	F	53	healthcare
170	dolores	F	48	educator
171	gordon	M	55	marketing
172	dean	M	56	other
173	yvonne	F	30	administrator
174	annette	F	26	scientist
175	dustin	M	28	scientist
176	pedro	M	20	programmer
177	derrick	M	26	other
178	dan	M	15	entertainment
179	stacy	F	22	administrator
180	zachary	M	26	executive
181	corey	M	36	programmer
182	herman	M	33	scientist
183	maurice	M	37	librarian
184	roberta	F	53	librarian
185	holly	F	39	executive
186	clyde	M	26	educator
187	glen	M	42	student
188	hector	M	32	artist
189	shane	M	30	administrator
190	ricardo	M	33	administrator
191	sam	M	42	educator
192	rick	M	29	student
193	lester	M	38	administrator
194	brent	M	42	scientist
195	ramon	M	49	writer
196	charlie	M	55	technician
197	elsie	F	21	student
198	gilbert	M	30	writer
199	gene	M	40	programmer
200	marc	M	27	writer
201	carla	F	41	educator
202	tara	F	25	student
203	rosemary	F	52	librarian
204	angel	M	47	lawyer
205	terri	F	14	student
206	rafael	M	39	marketing
207	leslie	M	43	engineer
208	tonya	F	33	educator
209	milton	M	39	engineer
210	raul	M	66	salesman
211	wilma	F	49	educator
212	chester	M	33	executive
213	kristin	F	26	librarian
214	duane	M	35	programmer
215	franklin	M	22	engineer
216	andre	M	22	other
217	elmer	M	37	administrator
218	brad	M	32	programmer
219	gabriel	M	30	librarian
220	ron	M	19	student
221	mitchell	M	29	programmer
222	melinda	F	19	student
223	pearl	F	31	educator
224	arlene	F	51	administrator
225	jared	M	28	student
226	adrian	M	46	executive
227	allison	F	21	student
228	tamara	F	29	librarian
229	joy	F	28	student
230	erik	M	48	librarian
231	darryl	M	45	scientist
232	jamie	M	38	engineer
233	neil	M	60	retired
234	jessie	M	37	educator
235	marcia	F	44	writer
236	javier	M	49	administrator
237	nellie	F	42	administrator
238	clinton	M	39	artist
239	marlene	F	23	educator
240	heidi	F	26	student
241	tyrone	M	33	educator
242	darren	M	33	educator
243	lonnie	M	28	technician
244	lance	M	22	student
245	cody	M	19	student
246	julio	M	28	engineer
247	kelly	M	25	student
248	kurt	M	25	student
249	allan	M	29	executive
250	nelson	M	28	doctor
251	guy	M	42	engineer
252	terry	F	26	librarian
253	hugh	M	44	educator
254	max	M	23	entertainment
255	mabel	F	35	none
256	dwight	M	17	student
257	myrtle	F	19	student
258	felix	M	21	student
259	christy	F	40	artist
260	everett	M	28	administrator
261	patsy	F	19	student
262	ian	M	41	programmer
263	gwendolyn	F	36	writer
264	ken	M	26	executive
265	nora	F	62	administrator
266	jaime	M	23	engineer
267	casey	M	24	engineer
268	cassandra	F	31	librarian
269	leah	F	18	student
270	dave	M	51	engineer
271	ivan	M	33	scientist
272	priscilla	F	50	other
273	naomi	F	20	student
274	byron	M	38	engineer
275	julian	M	21	student
276	olga	F	35	administrator
277	billie	F	37	librarian
278	clifton	M	33	programmer
279	tracey	F	30	librarian
280	leona	F	15	student
281	ross	M	22	administrator
282	virgil	M	28	programmer
283	andy	M	40	executive
284	marshall	M	25	programmer
285	salvador	M	27	student
286	perry	M	21	salesman
287	kirk	M	34	marketing
288	sergio	M	11	none
289	marion	M	40	engineer
290	tracy	M	19	student
291	misty	F	35	programmer
292	kent	M	24	writer
293	terrance	M	34	technician
294	rene	M	31	educator
295	ramona	F	43	administrator
296	sherri	F	29	educator
297	enrique	M	44	executive
298	freddie	M	29	doctor
299	claire	F	26	programmer
300	austin	M	24	student
301	stuart	M	42	educator
302	fredrick	M	19	student
303	guadalupe	F	22	student
304	alejandro	M	23	programmer
305	jackie	M	45	other
306	joey	M	25	student
307	nick	M	60	retired
308	luther	M	40	scientist
309	wendell	M	37	educator
310	jeremiah	M	32	technician
311	evan	M	48	other
312	julius	M	41	marketing
313	marguerite	F	20	student
314	donnie	M	31	educator
315	harriet	F	43	other
316	shannon	M	22	administrator
317	trevor	M	65	retired
318	oliver	M	38	programmer
319	luke	M	19	student
320	blanche	F	49	educator
321	gerard	M	20	student
322	doug	M	21	student
323	joanna	F	21	student
324	hubert	M	48	technician
325	angelo	M	41	administrator
326	shaun	M	22	student
327	lyle	M	51	administrator
328	matt	M	48	educator
329	madeline	F	35	educator
330	alfonso	M	33	entertainment
331	orlando	M	20	student
332	rex	M	47	other
333	carlton	M	32	librarian
334	ernesto	M	45	executive
335	cameron	M	23	salesman
336	neal	M	37	scientist
337	kayla	F	39	librarian
338	lorenzo	M	35	lawyer
339	omar	M	46	engineer
340	lee	F	17	student
341	kristine	F	25	other
342	grant	M	43	engineer
343	fannie	F	30	librarian
344	maryann	F	28	librarian
345	kerry	M	34	other
346	abraham	M	18	student
347	yvette	F	24	student
348	rickey	M	68	retired
349	jean	M	32	student
350	ira	M	61	educator
351	olivia	F	37	programmer
352	cesar	M	25	scientist
353	shelley	F	29	librarian
354	malcolm	M	25	student
355	mamie	F	32	homemaker
356	damon	M	26	executive
357	kelvin	M	40	educator
358	rudy	M	22	student
359	preston	M	51	other
360	alton	M	22	student
361	candice	F	35	homemaker
362	marco	M	20	student
363	wm	M	63	engineer
364	pete	M	29	lawyer
365	kelli	F	20	student
366	garry	M	17	student
367	geoffrey	M	18	student
368	jonathon	M	24	student
369	felipe	M	52	writer
370	bennie	M	36	engineer
371	latoya	F	25	student
372	patty	F	24	other
373	dominic	M	36	executive
374	robin	M	17	entertainment
375	della	F	28	other
376	delbert	M	22	student
377	colin	M	35	student
378	guillermo	M	44	programmer
379	earnest	M	32	engineer
380	lucas	M	33	artist
381	benny	M	45	engineer
382	noel	M	42	administrator
383	spencer	M	52	programmer
384	rodolfo	M	36	writer
385	myron	M	36	salesman
386	edmund	M	33	entertainment
387	garrett	M	31	other
388	roxanne	F	44	writer
389	angelica	F	42	writer
390	lowell	M	23	student
391	gregg	M	52	writer
392	sherman	M	19	student
393	wilson	M	25	administrator
394	devin	M	43	other
395	sylvester	M	57	engineer
396	kim	M	17	student
397	roosevelt	M	40	other
398	israel	M	25	other
399	bernadette	F	33	administrator
400	traci	F	46	healthcare
401	wilbert	M	30	engineer
402	leland	M	37	other
403	jasmine	F	29	programmer
404	nichole	F	22	healthcare
405	clark	M	52	educator
406	irving	M	29	engineer
407	carroll	M	23	student
408	bryant	M	48	administrator
409	muriel	F	30	artist
410	rufus	M	34	educator
411	woodrow	M	25	educator
412	sammy	M	55	educator
413	kristopher	M	24	programmer
414	mack	M	39	educator
415	kari	F	20	student
416	estelle	F	27	other
417	dianna	F	55	none
418	jake	M	37	lawyer
419	lionel	M	53	educator
420	mona	F	38	programmer
421	taylor	M	26	entertainment
422	ellis	M	64	other
423	angel	F	36	marketing
424	gilberto	M	19	student
425	clint	M	55	educator
426	nicolas	M	51	doctor
427	laurence	M	28	student
428	ismael	M	27	student
429	orville	M	38	scientist
430	drew	M	24	marketing
431	jody	M	22	entertainment
432	ervin	M	27	artist
433	meredith	F	16	student
434	al	M	24	engineer
435	teri	F	30	administrator
436	cristina	F	27	other
437	eula	F	51	administrator
438	leigh	F	23	administrator
439	caleb	M	30	other
440	tomas	M	50	technician
441	sheldon	M	22	student
442	erick	M	35	salesman
443	gretchen	F	51	lawyer
444	stewart	M	21	writer
445	doyle	M	57	educator
446	darrel	M	30	administrator
447	rogelio	M	23	entertainment
448	terence	M	23	librarian
449	kelley	F	35	educator
450	alonzo	M	16	student
451	elias	M	35	administrator
452	bert	M	18	student
453	elbert	M	57	other
454	ramiro	M	48	administrator
455	conrad	M	24	technician
456	alexis	F	33	salesman
457	noah	M	47	technician
458	grady	M	22	student
459	elvira	F	44	other
460	cornelius	M	15	student
461	delia	F	19	student
462	sophie	F	48	healthcare
463	clay	M	60	writer
464	percy	M	32	other
465	dexter	M	22	student
466	bradford	M	29	engineer
467	merle	M	28	engineer
468	darin	M	60	educator
469	amos	M	24	programmer
470	terrell	M	10	student
471	moses	M	24	student
472	irvin	M	29	student
473	saul	M	51	executive
474	roman	M	30	programmer
475	darnell	M	28	student
476	elsa	F	23	student
477	tommie	M	29	other
478	timmy	M	30	educator
479	darrin	M	57	retired
480	winston	M	73	retired
481	lucia	F	18	student
482	toby	M	29	scientist
483	van	M	27	student
484	lela	F	44	educator
485	dominick	M	39	educator
486	boyd	M	22	engineer
487	courtney	M	48	technician
488	jan	M	55	other
489	shawna	F	29	artist
490	elisa	F	43	writer
491	cary	M	57	educator
492	domingo	M	22	engineer
493	ora	F	38	administrator
494	aubrey	M	29	engineer
495	tabitha	F	21	student
496	marlon	M	20	student
497	emanuel	M	26	writer
498	jerald	M	42	programmer
499	edmond	M	28	administrator
500	emil	M	22	student
501	dewayne	M	22	student
502	aimee	F	50	writer
503	rena	F	40	writer
504	myrna	F	27	other
505	reynaldo	M	46	programmer
506	tammie	F	18	writer
507	morgan	M	27	marketing
508	jess	M	23	administrator
509	trent	M	34	other
510	humberto	M	22	student
511	emmanuel	M	29	other
512	stephan	M	43	administrator
513	louie	M	27	programmer
514	vicente	M	53	marketing
515	stacie	F	53	librarian
516	stacy	M	24	student
517	cheri	F	49	writer
518	miles	M	22	other
519	micah	M	62	healthcare
520	efrain	M	19	student
521	billie	M	36	engineer
522	cara	F	50	administrator
523	heath	M	56	educator
524	rebekah	F	27	administrator
525	harley	M	30	marketing
526	demetrius	M	33	librarian
527	ethan	M	18	student
528	effie	F	47	administrator
529	rocky	M	29	engineer
530	reba	F	30	salesman
531	junior	M	20	student
532	freddy	M	43	librarian
533	eli	M	20	student
534	lenora	F	45	educator
535	antoine	M	38	engineer
536	robbie	M	36	engineer
537	kendall	M	31	scientist
538	trisha	F	53	administrator
539	sterling	M	28	engineer
540	estella	F	19	student
541	chase	M	21	student
542	grover	M	33	scientist
543	tracie	F	44	other
544	cleveland	M	27	technician
545	dylan	M	36	executive
546	chuck	M	50	educator
547	damian	M	51	writer
548	reuben	M	42	scientist
549	laurel	F	16	student
550	august	M	25	programmer
551	leonardo	M	45	other
552	jasper	M	58	educator
553	russel	M	32	scientist
554	kelsey	F	29	educator
555	ina	F	35	educator
556	bettie	F	30	writer
557	elisabeth	F	56	writer
558	blaine	M	69	executive
559	ernie	M	32	student
560	curt	M	23	engineer
561	iva	F	54	administrator
562	eugenia	F	39	librarian
563	murray	M	65	retired
564	jamal	M	40	student
565	devon	M	20	student
566	adolfo	M	24	entertainment
567	harrison	M	39	educator
568	tyson	M	34	educator
569	burton	M	26	educator
570	brady	M	34	artist
571	elliott	M	51	educator
572	wilfredo	M	68	retired
573	bart	M	56	educator
574	jarrod	M	33	marketing
575	vance	M	48	executive
576	consuelo	F	36	student
577	damien	M	31	administrator
578	joaquin	M	32	educator
579	harlan	M	16	student
580	desmond	M	37	other
581	elliot	M	17	student
582	darwin	M	44	engineer
583	ashley	M	25	student
584	gregorio	M	69	librarian
585	buddy	M	20	student
586	xavier	M	26	other
587	nell	F	18	student
588	roscoe	M	21	lawyer
589	esteban	M	50	educator
590	patrica	F	57	librarian
591	solomon	M	18	student
592	shanna	F	31	educator
593	norbert	M	46	educator
594	elvin	M	25	programmer
595	williams	M	20	artist
596	nolan	M	23	other
597	rosario	F	40	marketing
598	ola	F	22	student
599	quinton	M	34	programmer
600	mollie	F	19	artist
601	lupe	F	47	other
602	rob	M	21	programmer
603	elwood	M	39	educator
604	kendrick	M	33	engineer
605	darius	M	28	programmer
606	bette	F	49	healthcare
607	son	M	22	other
608	elise	F	13	student
609	fidel	M	22	student
610	thaddeus	M	46	librarian
611	cliff	M	36	educator
612	jocelyn	F	37	marketing
613	ali	M	54	educator
614	jackson	M	38	educator
615	raphael	M	55	scientist
616	leola	F	27	writer
617	daphne	F	15	student
618	alvaro	M	17	student
619	ester	F	18	writer
620	dane	M	17	student
621	joesph	M	25	programmer
622	imogene	F	50	educator
623	ned	M	19	student
624	sammie	M	27	programmer
625	rusty	M	23	scientist
626	michel	M	24	engineer
627	monty	M	13	none
628	keri	F	46	other
629	ursula	F	26	healthcare
630	lizzie	F	18	student
631	mason	M	18	student
632	graham	M	35	programmer
633	kris	M	39	engineer
634	isaiah	M	22	other
635	vaughn	M	47	educator
636	gus	M	30	other
637	avery	M	45	engineer
638	sondra	F	42	librarian
639	diego	M	20	student
640	alexis	M	24	student
641	rosalind	F	18	student
642	norris	M	39	scientist
643	millard	M	51	retired
644	rocco	M	27	programmer
645	marisol	F	17	student
646	derick	M	40	educator
647	rodrigo	M	43	engineer
648	gerry	M	20	student
649	stacey	M	42	engineer
650	carmen	M	65	retired
651	wiley	M	35	other
652	rigoberto	M	31	executive
653	shauna	F	27	student
654	millie	F	50	healthcare
655	shelby	M	48	educator
656	cathleen	F	26	none
657	noe	M	33	programmer
658	vern	M	31	educator
659	bobbie	M	26	student
660	reed	M	28	programmer
661	jefferson	M	55	librarian
662	elvis	M	26	other
663	bernardo	M	30	engineer
664	mauricio	M	25	administrator
665	hiram	M	44	administrator
666	donovan	M	35	librarian
667	justine	F	29	writer
668	riley	M	37	other
669	ollie	M	30	technician
670	nickolas	M	21	programmer
671	dominique	F	54	administrator
672	scot	M	51	educator
673	rene	F	13	student
674	quincy	M	34	other
675	eddy	M	30	programmer
676	sebastian	M	20	other
677	federico	M	50	educator
678	bobbi	F	20	student
679	heriberto	M	33	lawyer
680	lucile	F	44	marketing
681	cole	M	23	programmer
682	denny	M	42	librarian
683	davis	M	28	student
684	aileen	F	32	librarian
685	emery	M	32	educator
686	ladonna	F	31	healthcare
687	willa	F	37	administrator
688	jayson	M	25	other
689	dion	M	35	salesman
690	dante	M	34	educator
691	clement	M	34	engineer
692	sybil	F	43	healthcare
693	odell	M	60	programmer
694	maxwell	M	26	writer
695	jarvis	M	55	other
696	bruno	M	25	other
697	dee	F	28	programmer
698	mary	M	44	other
699	dudley	M	17	student
700	luisa	F	51	librarian
701	sanford	M	37	other
702	colby	M	26	educator
703	ofelia	F	51	librarian
704	meagan	F	21	student
705	nestor	M	23	student
706	matilda	F	56	librarian
707	leila	F	26	homemaker
708	donny	M	21	other
709	art	M	19	student
710	simone	F	22	student
711	bettye	F	22	student
712	randi	F	42	other
713	galen	M	26	engineer
714	isidro	M	21	technician
715	barbra	F	36	administrator
716	delmar	M	24	technician
717	johnathon	M	42	technician
718	leann	F	37	other
719	bridgette	F	49	administrator
720	rhoda	F	24	entertainment
721	haley	F	50	homemaker
722	irwin	M	26	executive
723	cruz	M	31	executive
724	merlin	M	21	student
725	flossie	F	25	administrator
726	charley	M	25	student
727	marcelino	M	58	executive
728	lane	M	19	student
729	nelda	F	31	scientist
730	minerva	F	41	educator
731	lilly	F	28	other
732	terrie	F	44	other
733	letha	F	25	other
734	hilary	F	29	healthcare
735	estela	F	48	writer
736	winfred	M	30	programmer
737	vito	M	35	technician
738	collin	M	35	technician
739	earline	F	25	educator
740	carter	M	25	writer
741	leonel	M	35	student
742	emory	M	31	programmer
743	pasquale	M	35	marketing
744	mohammad	M	42	writer
745	mariano	M	25	engineer
746	danial	M	19	other
747	blair	M	28	administrator
748	landon	M	33	other
749	dirk	M	28	administrator
750	rae	F	24	other
751	adan	M	60	retired
752	numbers	M	56	salesman
753	jami	F	59	librarian
754	elnora	F	44	educator
755	chandra	F	30	none
756	bernie	M	26	student
757	wilmer	M	27	student
758	marylou	F	20	student
759	melisa	F	35	other
760	zachery	M	17	student
761	fletcher	M	32	administrator
762	jacques	M	27	scientist
763	allie	F	27	educator
764	dalton	M	31	student
765	monroe	M	42	other
766	josue	M	70	engineer
767	dominique	M	29	administrator
768	edwardo	M	39	executive
769	booker	M	28	student
770	wilford	M	26	student
771	sonny	M	50	writer
772	shelton	M	20	student
773	carson	M	30	student
774	theron	M	46	executive
775	raymundo	M	30	librarian
776	daren	M	63	programmer
777	tristan	M	34	student
778	houston	M	31	student
779	robby	M	49	programmer
780	lincoln	M	20	student
781	pearlie	F	21	artist
782	genaro	M	30	marketing
783	gale	M	47	administrator
784	bennett	M	32	engineer
785	tameka	F	36	engineer
786	saundra	F	18	student
787	laverne	M	51	administrator
788	hung	M	29	other
789	arron	M	27	technician
790	antony	M	31	educator
791	herschel	M	40	programmer
792	alva	M	22	student
793	giovanni	M	32	educator
794	garth	M	30	programmer
795	clare	F	32	writer
796	alejandra	F	44	other
797	elinor	F	40	writer
798	michael	F	49	administrator
799	lon	M	25	programmer
800	freeman	M	22	writer
801	erin	M	35	administrator
802	duncan	M	70	administrator
803	kennith	M	39	educator
804	taylor	F	27	other
805	augustine	M	27	marketing
806	marcie	F	41	healthcare
807	erich	M	45	salesman
808	annabelle	F	50	marketing
809	louisa	F	55	other
810	earlene	F	40	educator
811	reid	M	22	technician
812	carlene	F	14	student
813	anderson	M	30	other
814	morton	M	32	other
815	jonas	M	34	other
816	forest	M	19	student
817	mitchel	M	28	librarian
818	mervin	M	59	administrator
819	zane	M	22	student
820	rich	M	37	engineer
821	maricela	F	29	librarian
822	lazaro	M	27	artist
823	alphonse	M	31	other
824	randell	M	44	engineer
825	major	M	28	artist
826	roslyn	F	23	engineer
827	jarrett	M	28	librarian
828	brooks	M	48	writer
829	ariel	M	46	programmer
830	abdul	M	21	other
831	dusty	M	24	technician
832	luciano	M	34	writer
833	lindsey	M	26	other
834	suzette	F	44	executive
835	seymour	M	44	artist
836	kaye	F	36	artist
837	eugenio	M	23	student
838	merle	F	38	entertainment
839	sandy	M	39	artist
840	valentin	M	45	doctor
841	chance	M	40	writer
842	arnulfo	M	35	librarian
843	lucien	M	22	engineer
844	ferdinand	M	64	doctor
845	thad	M	27	lawyer
846	ezra	M	29	student
847	sydney	M	46	engineer
848	evangeline	F	15	student
849	rubin	M	34	technician
850	royal	M	18	other
851	mitch	M	46	administrator
852	earle	M	49	writer
853	nadia	F	29	student
854	wyatt	M	53	librarian
855	kathie	F	43	marketing
856	eddie	F	35	administrator
857	kareem	M	63	educator
858	valeria	F	18	other
859	nona	F	70	retired
860	mitzi	F	38	student
861	emile	M	25	executive
862	elmo	M	17	student
863	aron	M	27	programmer
864	leopoldo	M	25	artist
865	everette	M	45	other
866	josef	M	24	scientist
867	gail	M	21	programmer
868	eloy	M	30	student
869	dorian	M	22	student
870	rodrick	M	31	executive
871	chasity	F	19	student
872	sheree	F	48	administrator
873	jerrod	M	36	scientist
874	james	F	24	student
875	hershel	M	41	other
876	barton	M	30	other
877	deirdre	F	50	educator
878	gena	F	33	administrator
879	lavern	M	13	student
880	burt	M	39	marketing
881	jules	M	35	engineer
882	gil	M	49	librarian
883	eliseo	M	44	engineer
884	tessa	F	30	other
885	nigel	M	20	student
886	marva	F	14	student
887	antwan	M	41	scientist
888	alden	M	24	technician
889	margarito	M	32	student
890	leonor	F	51	administrator
891	refugio	M	36	other
892	dino	M	25	student
893	osvaldo	M	47	educator
894	janna	F	31	librarian
895	deandre	M	28	writer
896	normand	M	30	other
897	kieth	M	23	homemaker
898	ivory	M	32	other
899	andrea	M	60	retired
900	trey	M	38	executive
901	young	F	45	artist
902	napoleon	M	28	educator
903	lessie	F	17	student
904	fritz	M	27	other
905	rosendo	M	45	librarian
906	anastasia	F	25	other
907	vilma	F	44	librarian
908	natalia	F	50	educator
909	christoper	M	28	healthcare
910	lynnette	F	37	writer
911	lyman	M	51	other
912	josiah	M	27	student
913	leanna	F	44	other
914	wilton	M	50	entertainment
915	rico	M	27	engineer
916	coleen	F	22	student
917	dewitt	M	40	scientist
918	carol	M	25	other
919	wilda	F	30	artist
920	karyn	F	20	student
921	cherry	F	29	administrator
922	foster	M	21	student
923	faustino	M	29	other
924	mai	F	18	salesman
925	judson	M	49	entertainment
926	gino	M	23	programmer
927	edgardo	M	21	student
928	berry	M	44	scientist
929	enid	F	28	scientist
930	tanner	M	60	educator
931	jarred	M	58	educator
932	donn	M	28	student
933	trinidad	M	61	engineer
934	tad	M	42	doctor
935	shirley	M	24	other
936	prince	M	48	educator
937	hester	F	38	technician
938	cathryn	F	26	student
939	maria	M	32	administrator
940	lenard	M	20	student
941	bridgett	F	48	librarian
942	chang	M	22	student
